"premises_name","address","license_class","license_type","expiration_date","license_status","name","street","city","state","zip_code","unique_ID"
"WHITMAR CORP","2080 WESTERN AVE GUILDERLAND, NY 12084",222,"L","2018-10-31","License is Active","WHITMAR CORP","2080 WESTERN AVE","GUILDERLAND","NY",12084,"10f15709-f47e-40f7-9263-b04ce9313181"
"PRICE CHOPPER OPERATING CO INC","2080 WESTERN AVE STE 160 RTE 20&155 GUILDERLAND, NY 12084",128,"AX","2018-06-30","License is Active","PRICE CHOPPER","2080 WESTERN AVE","GUILDERLAND","NY",12084,"156869e1-aea9-444f-83e3-1c52d3d99170"
"PRICE CHOPPER OPERATING CO INC","1706 WESTERN AVE GUILDERLAND, NY 12084",128,"AX","2018-06-30","License is Active","PRICE CHOPPER","2080 WESTERN AVE","GUILDERLAND","NY",12084,"156869e1-aea9-444f-83e3-1c52d3d99170"
"PRICE CHOPPER OPERATING CO INC","2080 WESTERN AVE STE 160 GUILDERLAND, NY 12084","ML1","AX","2016-02-11","Expired","PRICE CHOPPER","2080 WESTERN AVE","GUILDERLAND","NY",12084,"156869e1-aea9-444f-83e3-1c52d3d99170"
"PRICE CHOPPER OPERATING CO INC","2080 WESTERN AVE STE 160 GUILDERLAND, NY 12084","ML2","AX","2016-02-11","Expired","PRICE CHOPPER","2080 WESTERN AVE","GUILDERLAND","NY",12084,"156869e1-aea9-444f-83e3-1c52d3d99170"
"T O L SERVICES INC","2050 WESTERN AVE STAR PLAZA GUILDERLAND, NY 12084",252,"OP","2017-03-31","License is Inactive","TOL SERVICES INC","2050 WESTERN AVE","GUILDERLAND","NY",12084,"236ab13b-6d68-446f-a31c-8725a80ecc2c"
"T O L SERVICES INC","2050 WESTERN AVE GUILDERLAND, NY 12084","ML1","OP","2016-07-01","License is Inactive","TOL SERVICES INC","2050 WESTERN AVE","GUILDERLAND","NY",12084,"236ab13b-6d68-446f-a31c-8725a80ecc2c"
"T O L SERVICES INC","2050 WESTERN AVE GUILDERLAND, NY 12084","ML2","OP","2016-07-01","License is Inactive","TOL SERVICES INC","2050 WESTERN AVE","GUILDERLAND","NY",12084,"236ab13b-6d68-446f-a31c-8725a80ecc2c"
"TOWN N COUNTRY LANES OF GUILDERLAND INC","2509 WESTERN AVE GUILDERLAND, NY 12084",252,"OP","2019-09-30","License is Active","TOWN 'N COUNTRY LANES","2509 WESTERN AVE","GUILDERLAND","NY",12084,"3b68efe6-1d67-4118-a691-d63ee041d6f3"
"MICHAEL'S AT PINEHAVEN INC","1151 SIVER RD GUILDERLAND, NY 12084",252,"OP","2019-03-31","License is Active","MICHAEL'S AT PINEHAVEN INC","1253 SIVER RD","GUILDERLAND","NY",12084,"4381cc3a-72ed-4922-80ff-3cfcb69ec9bc"
"MICHAEL'S AT PINEHAVEN INC","1151 SIVER RD GUILDERLAND, NY 12084",901,"OP","2019-03-31","License is Active","MICHAEL'S AT PINEHAVEN INC","1253 SIVER RD","GUILDERLAND","NY",12084,"4381cc3a-72ed-4922-80ff-3cfcb69ec9bc"
"DNT EXPRESS INC","381 BROADWAY, BOX 14 MENANDS, NY 12204","3MF","PC","2013-12-31","Pending","DNT EXPRESS INC","381 BROADWAY","MENANDS","NY",12204,"5c1d1095-a69b-4ef7-9906-c0cd77f82d0f"
"SIVER HILLS RESTAURANT AND BANQUET HOUSE LLC","1151 SIVER ROAD EAST OLD STATE & WILLOW GUILDERLAND, NY 12084",252,"OP","2012-04-30","License is Inactive","SIVER HILLS RESTAURANT","1151 SIVER RD","GUILDERLAND","NY",12084,"68b7d3e8-a68e-4ccf-bd6d-1d3aeab3f9fe"
"SIVER HILLS RESTAURANT AND BANQUET HOUSE LLC","1151 SIVER ROAD GUILDERLAND, NY 12084",144,"BP","2013-08-31","License is Inactive","SIVER HILLS RESTAURANT","1151 SIVER RD","GUILDERLAND","NY",12084,"68b7d3e8-a68e-4ccf-bd6d-1d3aeab3f9fe"
"FOURTEEN KARNER ROAD CORP","14 KARNER RD GUILDERLAND, NY 12084",252,"OP","2019-09-30","License is Active","FOURTEEN KARNER ROAD CORP","14 NEW KARNER RD","GUILDERLAND","NY",12084,"94e1478a-4366-41e0-8c23-9f4ff2a99d67"
"SUPER D PLAZA LIQUORS INC","2050 WESTERN AVENUE,SUITE 106 GUILDERLAND, NY 12084",222,"L","2018-09-30","License is Active","SUPER D PLAZA LIQUORS INC","2050 WESTERN AVE","GUILDERLAND","NY",12084,"b21620e2-2fa4-46ab-af85-763e34a7b8ea"
"PRICE CHOPPER OPERATING CO INC","2080 WESTERN AVE STE 160 RTE 20&155 GUILDERLAND, NY 12084",128,"AX","2018-06-30","License is Active","PRICE CHOPPER","2080 WESTERN AVE","GUILDERLAND","NY",12084,"c018a6c2-44e3-4774-b1f4-d24bfad352d9"
"PRICE CHOPPER OPERATING CO INC","1706 WESTERN AVE GUILDERLAND, NY 12084",128,"AX","2018-06-30","License is Active","PRICE CHOPPER","2080 WESTERN AVE","GUILDERLAND","NY",12084,"c018a6c2-44e3-4774-b1f4-d24bfad352d9"
"PRICE CHOPPER OPERATING CO INC","2080 WESTERN AVE STE 160 GUILDERLAND, NY 12084","ML1","AX","2016-02-11","Expired","PRICE CHOPPER","2080 WESTERN AVE","GUILDERLAND","NY",12084,"c018a6c2-44e3-4774-b1f4-d24bfad352d9"
"PRICE CHOPPER OPERATING CO INC","2080 WESTERN AVE STE 160 GUILDERLAND, NY 12084","ML2","AX","2016-02-11","Expired","PRICE CHOPPER","2080 WESTERN AVE","GUILDERLAND","NY",12084,"c018a6c2-44e3-4774-b1f4-d24bfad352d9"
"SAVE MORE WINES & LIQUORS INC","444 BROADWAY T/O COLONIE MENANDS, NY 12204",222,"L","2018-09-30","License is Inactive","SAVE MORE WINES & LIQUORS","444 BROADWAY","MENANDS","NY",12204,"c4b1ef34-367b-4ecd-aa81-58dc9f5cea9d"
"OSAKA STEAKHOUSE & SUSHI INC","2050 WESTERN AVE STE 105 GUILDERLAND, NY 12084",252,"OP","2018-08-31","License is Active","OSAKA STEAKHOUSE & SUSHI INC","2050 WESTERN AVE","GUILDERLAND","NY",12084,"db69c04e-d14e-4094-822c-feb641e4f13e"
"ALBANY PRIDE SEAFOOD LLC","2050 WESTERN AVE STE 104 GUILDERLAND, NY 12084",341,"RW","2018-12-31","License is Active","ALBANY PRIDE SEAFOOD LLC","2050 WESTERN AVE","GUILDERLAND","NY",12084,"e66aa421-d398-4d69-8ab4-ae5d00cc1036"
"BYC FOODS INC","500 NORTHERN BOULEVARD ALBANY, NY 12204",252,"OP","2010-11-30","License is Inactive","BYC FOODS CORP","500 NORTHERN BLVD","ALBANY","NY",12204,"3a9539f3-4df7-4939-8d82-02ebe3e8336e"
"BYC FOODS INC","500 NORTHERN BOULEVARD ALBANY, NY 12204",252,"OP","1998-11-30","Expired","BYC FOODS CORP","500 NORTHERN BLVD","ALBANY","NY",12204,"3a9539f3-4df7-4939-8d82-02ebe3e8336e"
"TOVTRY IMPORTING INC","191 BROADWAY MENANDS, NY 12204",303,"WW","2012-08-31","License is Inactive","TOVTRY IMPORTING INC","191 BROADWAY","MENANDS","NY",12204,"83b194d4-cb77-47a1-821e-1aa12fbac725"
"TOVTRY IMPORTING INC","191 BROADWAY MENANDS, NY 12204",203,"LL","2014-09-30","License is Inactive","TOVTRY IMPORTING INC","191 BROADWAY","MENANDS","NY",12204,"83b194d4-cb77-47a1-821e-1aa12fbac725"
"CGHM CORP","698 N PEARL ST MENANDS, NY 12204",252,"OP","2019-10-31","License is Active","CGHM CORPORATION","698 N PEARL ST","MENANDS","NY",12204,"4d42a481-f79e-4c39-a71f-415fe93234f4"
"CGHM CORP","698 N PEARL ST MENANDS, NY 12204",1,"ST","2015-12-21","License is Inactive","CGHM CORPORATION","698 N PEARL ST","MENANDS","NY",12204,"4d42a481-f79e-4c39-a71f-415fe93234f4"
"286 LARK STREET LLC","350 NORTHERN BLVD ALBANY, NY 12204",252,"OP","2019-09-30","License is Active","286 LARK STREET LLC","356 NORTHERN BLVD","ALBANY","NY",12204,"4e534669-5684-4ce8-837d-4a2f3ceee345"
"CAFE MADISON LOUDON PLAZA LLC","376 NORTHERN BLVD ALBANY , NY 12204",252,"OP","","Pending","CAFE MADISON LOUDON PLAZA LLC","376 NORTHERN BLVD","ALBANY","NY",12204,"e2e82d88-02cb-4298-bbdf-1a6c93e37bca"
"ALBANY MEAT FARM CORP","100 BROADWAY MENANDS, NY 12204",122,"AX","2017-02-28","License is Inactive","ALBANY MEAT FARM CORP","100 BROADWAY","MENANDS","NY",12204,"9d9aa360-548b-480e-b51a-6808bd1043b6"
"ALBANY MEAT FARM CORP","100 BROADWAY MENANDS, NY 12204",1,"ST","2014-05-10","License is Inactive","ALBANY MEAT FARM CORP","100 BROADWAY","MENANDS","NY",12204,"9d9aa360-548b-480e-b51a-6808bd1043b6"
"MENANDS DISCOUNT LIQUORS INC","116 BROADWAY MENANDS, NY 12204",222,"L","2019-10-31","License is Active","MENANDS DISCOUNT WINE & LIQUOR","116 BROADWAY","MENANDS","NY",12204,"74cb1289-a8ad-4b82-ac95-bfd5508b8207"
"KOPYC ENTERPRISES INC","116 BROADWAY MENANDS, NY 12204","ML1","A","1999-04-30","Expired","KFC","112 BROADWAY","MENANDS","NY",12204,"898f2614-546d-4f76-81d4-6ddffc25460a"
"KOPYC ENTERPRISES INC","116 BROADWAY MENANDS, NY 12204",122,"A","1999-08-31","License is Inactive","KFC","112 BROADWAY","MENANDS","NY",12204,"898f2614-546d-4f76-81d4-6ddffc25460a"
"STEWART'S SHOPS CORP","362 NORTHERN BLVD ALBANY, NY 12204",128,"AX","2006-07-31","Expired","STEWART'S SHOPS","362 NORTHERN BLVD","ALBANY","NY",12204,"1c1ccde2-e303-4438-b832-1b720addb701"
"STEWART'S SHOPS CORP","351 NORTHERN BLVD ALBANY , NY 12204",128,"AX","2018-07-31","License is Active","STEWART'S SHOPS","362 NORTHERN BLVD","ALBANY","NY",12204,"1c1ccde2-e303-4438-b832-1b720addb701"
"STEWART'S SHOPS CORP","362 NORTHERN BLVD ALBANY, NY 12204","ML1","AX","2004-01-23","Expired","STEWART'S SHOPS","362 NORTHERN BLVD","ALBANY","NY",12204,"1c1ccde2-e303-4438-b832-1b720addb701"
"LIGHTHOUSE TAVERN LLC","356 NORTHERN BLVD ROUTE 9 & ALBANY SHAKER ROAD ALBANY , NY 12204",252,"OP","2009-10-31","License is Inactive","LIGHTHOUSE TAVERN","356 NORTHERN BLVD","ALBANY","NY",12204,"133012cd-0cc5-4fb9-9342-842c9efcbf43"
"MENANDS 2020 MARKET INC","703 N PEARL ST MENANDS, NY 12204",122,"A","2019-09-30","License is Active","MENANDS 2020 MARKET INC","703 N PEARL ST","MENANDS","NY",12204,"7082ca5f-e3b5-43c8-bd3e-44059d9c8e63"
"MENANDS 2020 MARKET INC","703 N PEARL ST MENANDS, NY 12204",1,"ST","2013-11-16","License is Inactive","MENANDS 2020 MARKET INC","703 N PEARL ST","MENANDS","NY",12204,"7082ca5f-e3b5-43c8-bd3e-44059d9c8e63"
"REDS PARK PLACE LLC","560 MADISON AVENUE MADISON AVE & DANA AVE ALBANY , NY 12208",252,"OP","2013-04-30","License is Inactive","RED'S PARK PLACE LLC","500 MADISON AVE","ALBANY","NY",12208,"d219be82-d109-4a92-b09e-867609d3cfce"
"REDS PARK PLACE LLC","560 MADISON AVENUE ALBANY , NY 12208",1,"ST","2008-12-04","License is Inactive","RED'S PARK PLACE LLC","500 MADISON AVE","ALBANY","NY",12208,"d219be82-d109-4a92-b09e-867609d3cfce"
"REDS PARK PLACE LLC","560 MADISON AVENUE ALBANY , NY 12208",2,"ST","2009-01-04","License is Inactive","RED'S PARK PLACE LLC","500 MADISON AVE","ALBANY","NY",12208,"d219be82-d109-4a92-b09e-867609d3cfce"
"REDS PARK PLACE LLC","560 MADISON AVENUE ALBANY , NY 12208",3,"ST","2009-02-04","License is Inactive","RED'S PARK PLACE LLC","500 MADISON AVE","ALBANY","NY",12208,"d219be82-d109-4a92-b09e-867609d3cfce"
"REDS PARK PLACE LLC","560 MADISON AVENUE ALBANY , NY 12208",4,"ST","2009-03-04","License is Inactive","RED'S PARK PLACE LLC","500 MADISON AVE","ALBANY","NY",12208,"d219be82-d109-4a92-b09e-867609d3cfce"
"REDS PARK PLACE LLC","560 MADISON AVENUE ALBANY , NY 12208",5,"ST","2009-04-04","License is Inactive","RED'S PARK PLACE LLC","500 MADISON AVE","ALBANY","NY",12208,"d219be82-d109-4a92-b09e-867609d3cfce"
"REDS PARK PLACE LLC","560 MADISON AVENUE ALBANY , NY 12208",6,"ST","2009-05-05","License is Inactive","RED'S PARK PLACE LLC","500 MADISON AVE","ALBANY","NY",12208,"d219be82-d109-4a92-b09e-867609d3cfce"
"REDS PARK PLACE LLC","560 MADISON AVENUE ALBANY , NY 12208",7,"ST","2009-06-05","License is Inactive","RED'S PARK PLACE LLC","500 MADISON AVE","ALBANY","NY",12208,"d219be82-d109-4a92-b09e-867609d3cfce"
"REDS PARK PLACE LLC","560 MADISON AVENUE ALBANY , NY 12208","ML1","OP","2012-02-28","License is Inactive","RED'S PARK PLACE LLC","500 MADISON AVE","ALBANY","NY",12208,"d219be82-d109-4a92-b09e-867609d3cfce"
"MERCHANT ENTERPRISES LLC","289 NEW SCOTLAND AVE ONTARIO & QUAIL STS ALBANY , NY 12208",252,"OP","2019-04-30","License is Active","MUNIR AYESHA MD","47 NEW SCOTLAND AVE","ALBANY","NY",12208,"916c067f-55e9-4247-9894-9494f5907306"
"MERCHANT ENTERPRISES LLC","289 NEW SCOTLAND AVE ALBANY , NY 12208",901,"OP","2019-04-30","License is Active","MUNIR AYESHA MD","47 NEW SCOTLAND AVE","ALBANY","NY",12208,"916c067f-55e9-4247-9894-9494f5907306"
"RUBY ASIAN BISTRO INC","875 MADISON AVE ALBANY , NY 12208",341,"RW","2019-07-31","License is Active","RUBY ASIAN BISTRO","875 MADISON AVE","ALBANY","NY",12208,"b6cf5941-9dab-46de-a0f0-116554a99277"
"MARTELS AT THE NEW COURSE INC","65 ONEIL ROAD ALBANY, NY 12208",252,"OP","2018-04-30","License is Active","MARTEL'S RESTAURANT","65 ONEIL RD","ALBANY","NY",12208,"a7b278a2-a8e4-475c-a775-0a1696f891e0"
"MARTELS AT THE NEW COURSE INC","65 ONEIL ROAD ALBANY, NY 12208",901,"OP","2018-04-30","License is Active","MARTEL'S RESTAURANT","65 ONEIL RD","ALBANY","NY",12208,"a7b278a2-a8e4-475c-a775-0a1696f891e0"
"GRANEY'S BAR & GRILL INC","275 NEW SCOTLAND AVENUE ALBANY , NY 12208",252,"OP","2018-02-28","License is Active","GRANEY'S BAR & GRILL","275 NEW SCOTLAND AVE","ALBANY","NY",12208,"dc6e7bd7-46c3-4c90-a709-b95699943f34"
"JUGS & MUGS OF ALBANY LLC","847 849 MADISON AVE ALBANY , NY 12208",252,"OP","2015-07-31","License is Inactive","JUGS & MUGS","849 MADISON AVE","ALBANY","NY",12208,"adb5fe26-9458-4d3f-95aa-4997d24dc662"
"MMG OF PARK SOUTH LLC","33 NEW SCOTLAND AVE SUITE D ALBANY, NY 12208",341,"RW","2018-11-30","License is Active","M M G OF PARK SOUTH LLC","33 NEW SCOTLAND AVE","ALBANY","NY",12208,"a1598df3-8b70-48ba-b28f-3b778d4d6028"
"MMG OF PARK SOUTH LLC","33 NEW SCOTLAND AVE ALBANY, NY 12208",1,"ST","2017-03-14","License is Inactive","M M G OF PARK SOUTH LLC","33 NEW SCOTLAND AVE","ALBANY","NY",12208,"a1598df3-8b70-48ba-b28f-3b778d4d6028"
"PARK VIEW PUB INC, THE","560 MADISON AVE ALBANY , NY 12208",252,"OP","2018-04-30","License is Inactive","PARKVUE","736 MADISON AVE","ALBANY","NY",12208,"30ffcfda-f22b-44b8-a189-7997925887a9"
"PARK VIEW PUB INC, THE","560 MADISON AVE ALBANY , NY 12208",1,"ST","2012-05-26","License is Inactive","PARKVUE","736 MADISON AVE","ALBANY","NY",12208,"30ffcfda-f22b-44b8-a189-7997925887a9"
"PRICE CHOPPER OPERATING CO INC","1060 MADISON AVE ALBANY, NY 12208",123,"AX","2018-06-30","License is Active","PRICE CHOPPER OPERATING CO NY","1060 MADISON AVE","ALBANY","NY",12208,"3515db0f-b151-410e-b270-b173df62dc4d"
"KRUMKILL MART INC","791 NEW SCOTLAND AVE KRUMKILL AND CRESCENT ALBANY , NY 12208",122,"AX","2007-12-31","License is Inactive","KRUMKILL MART INC","791 NEW SCOTLAND AVE","ALBANY","NY",12208,"9397142d-7705-4ea4-af3a-b2368443ba5f"
"KRUMKILL MART INC","791 NEW SCOTLAND AVE ALBANY , NY 12208","ML1","AX","2006-02-14","License is Inactive","KRUMKILL MART INC","791 NEW SCOTLAND AVE","ALBANY","NY",12208,"9397142d-7705-4ea4-af3a-b2368443ba5f"
"ALBANY A & A INC","870 MADISON AVE ALBANY , NY 12208",122,"A","2017-01-31","License is Inactive","ALBANY A & A INC","870 MADISON AVE","ALBANY","NY",12208,"3184f275-01e2-4c27-a96e-adca4bd17898"
"ALBANY A & A INC","870 MADISON AVE ALBANY , NY 12208",1,"ST","2014-05-04","License is Inactive","ALBANY A & A INC","870 MADISON AVE","ALBANY","NY",12208,"3184f275-01e2-4c27-a96e-adca4bd17898"
"ALBANY A & A INC","870 MADISON AVE ALBANY , NY 12208","ML1","A","2014-12-06","License is Inactive","ALBANY A & A INC","870 MADISON AVE","ALBANY","NY",12208,"3184f275-01e2-4c27-a96e-adca4bd17898"
"ALBANY FAST FOOD INC","9 NEW SCOTLAND AVE ALBANY , NY 12208",122,"AX","2018-07-31","License is Active","ALBANY FAST FOOD INC","9 NEW SCOTLAND AVE","ALBANY","NY",12208,"8814461b-2fa2-407b-ab94-d71c8b87f2a8"
"ALBANY FAST FOOD INC","9 NEW SCOTLAND AVE ALBANY , NY 12208",1,"ST","","License is Inactive","ALBANY FAST FOOD INC","9 NEW SCOTLAND AVE","ALBANY","NY",12208,"8814461b-2fa2-407b-ab94-d71c8b87f2a8"
"VIEN DONG CORP","791 MADISON AVE ALBANY , NY 12208",341,"RW","2015-08-31","License is Inactive","VIEN DONG CORP","791 MADISON AVE","ALBANY","NY",12208,"29ed3b35-9203-4da0-94af-f26c7cc23f47"
"VIEN DONG CORP","791 MADISON AVE ALBANY , NY 12208",1,"ST","2013-07-27","License is Inactive","VIEN DONG CORP","791 MADISON AVE","ALBANY","NY",12208,"29ed3b35-9203-4da0-94af-f26c7cc23f47"
"VIEN DONG CORP","791 MADISON AVE ALBANY , NY 12208",2,"ST","2013-08-26","License is Inactive","VIEN DONG CORP","791 MADISON AVE","ALBANY","NY",12208,"29ed3b35-9203-4da0-94af-f26c7cc23f47"
"VIEN DONG CORP","791 MADISON AVE ALBANY , NY 12208",3,"ST","2013-09-25","License is Inactive","VIEN DONG CORP","791 MADISON AVE","ALBANY","NY",12208,"29ed3b35-9203-4da0-94af-f26c7cc23f47"
"SINGH YUV INC","9A NEW SCOTLAND AVE ALBANY , NY 12208",222,"L","2018-12-31","License is Active","SINGH YUV INC","9A NEW SCOTLAND AVE","ALBANY","NY",12208,"efadcb98-bb1d-41b2-ba25-92bb07e3fdf8"
"KISMET RESTAURANT LLC","1116 MADISON AVE ALBANY , NY 12208",341,"RW","2019-07-31","License is Active","KISMET GRILL","1116 MADISON AVE","ALBANY","NY",12208,"1815da5d-3157-4d41-aea7-2ec0c7d3eeed"
"KISMET RESTAURANT LLC","1116 MADISON AVE ALBANY , NY 12208",1,"ST","2017-08-07","License is Inactive","KISMET GRILL","1116 MADISON AVE","ALBANY","NY",12208,"1815da5d-3157-4d41-aea7-2ec0c7d3eeed"
"PARTNER ENTERPRISES INC","821 NEW SCOTLAND AVE ALBANY , NY 12208",122,"AX","2013-08-31","License is Inactive","PARTNER ENTERPRISES INC","821 NEW SCOTLAND AVE","ALBANY","NY",12208,"4c6fff44-29fc-428f-999e-8c487da68cf4"
"PARTNER ENTERPRISES INC","821 NEW SCOTLAND AVE ALBANY , NY 12208","ML1","AX","2011-10-13","License is Inactive","PARTNER ENTERPRISES INC","821 NEW SCOTLAND AVE","ALBANY","NY",12208,"4c6fff44-29fc-428f-999e-8c487da68cf4"
"ALBANY MID TOWN HOTEL LLC","62 NEW SCOTLAND AVE NEW SCOTLAND AVE & HOLLAND AVE ALBANY , NY 12208",242,"HL","2019-04-30","License is Active","ALBANY MID TOWN HOTEL LLC","62 NEW SCOTLAND AVE","ALBANY","NY",12208,"f3ae536f-e18b-4338-b719-494637da8557"
"RITE AID OF NEW YORK INC","31 NEW SCOTLAND AVENUE ALBANY , NY 12208-3527",126,"DX","2012-07-31","License is Inactive","RITE AID","31 NEW SCOTLAND AVE","ALBANY","NY",12208,"727ed94a-331e-4b77-b486-d9cd8ab14de8"
"BMT 1110 REALTY LLC","1110 MADISON AVE ALBANY , NY 12208",341,"TW","2015-12-31","License is Inactive","B M T 1110 REALTY LLC","1110 MADISON AVE","ALBANY","NY",12208,"f974134e-2046-4c61-a86f-ab23ae97a85d"
"BMT 1110 REALTY LLC","1110 MADISON AVE ALBANY , NY 12208",252,"OP","2019-04-30","License is Active","B M T 1110 REALTY LLC","1110 MADISON AVE","ALBANY","NY",12208,"f974134e-2046-4c61-a86f-ab23ae97a85d"
"CASEY FINNS PUB & GRILL LLC","507 YATES STREET ONTARIO & PARTRIDGE ALBANY , NY 12208",252,"OP","2019-02-28","License is Active","CASEY FINN'S PUB & GRILL LLC","507 YATES ST","ALBANY","NY",12208,"0e53095e-e551-43e8-9cfb-b2d7084da7a3"
"HOANG LILY INC","791 MADISON AVE ALBANY , NY 12208",341,"RW","2016-10-31","Expired","HOANG LILY INC","791 MADISON AVE","ALBANY","NY",12208,"c22391b6-5693-4711-a27f-3ace5a11dced"
"HOANG LILY INC","791 MADISON AVE ALBANY , NY 12208",1,"ST","2014-12-27","License is Inactive","HOANG LILY INC","791 MADISON AVE","ALBANY","NY",12208,"c22391b6-5693-4711-a27f-3ace5a11dced"
"KISMET RESTAURANT LLC","1116 MADISON AVE ALBANY , NY 12208",341,"RW","2019-07-31","License is Active","KISMET RESTAURANT LLC","1116 MADISON AVE","ALBANY","NY",12208,"7adc1f7e-107d-493d-bea0-0bb3f1f9b156"
"KISMET RESTAURANT LLC","1116 MADISON AVE ALBANY , NY 12208",1,"ST","2017-08-07","License is Inactive","KISMET RESTAURANT LLC","1116 MADISON AVE","ALBANY","NY",12208,"7adc1f7e-107d-493d-bea0-0bb3f1f9b156"
"COMPASS GROUP USA INC","51 UNION DR ALBANY , NY 12208",246,"CT","2019-08-31","License is Active","COMPASS GROUP USA INC","51 UNION DR","ALBANY","NY",12208,"5aa198d0-f3c8-453d-88f3-41380dc165ee"
"COMPASS GROUP USA INC","51 UNION DR ALBANY , NY 12208",1,"ST","2013-12-07","Expired","COMPASS GROUP USA INC","51 UNION DR","ALBANY","NY",12208,"5aa198d0-f3c8-453d-88f3-41380dc165ee"
"FOUNTAIN RESTAURANT INC,THE","283 NEW SCOTLAND AVE ALBANY, NY 12208",252,"OP","2019-09-30","License is Active","FOUNTAIN RESTAURANT","283 NEW SCOTLAND AVE","ALBANY","NY",12208,"2590d34e-f1cf-49d9-a518-d1e10b53ef65"
"PARK VIEW PUB INC, THE","560 MADISON AVE ALBANY , NY 12208",252,"OP","2018-04-30","License is Inactive","PARK VIEW PUB INC","560 MADISON AVE","ALBANY","NY",12208,"45e05f4e-1b2f-49c0-a05d-691ded842f80"
"PARK VIEW PUB INC, THE","560 MADISON AVE ALBANY , NY 12208",1,"ST","2012-05-26","License is Inactive","PARK VIEW PUB INC","560 MADISON AVE","ALBANY","NY",12208,"45e05f4e-1b2f-49c0-a05d-691ded842f80"
"PRESTIGE PETROLEUM CORP","791 NEW SCOTLAND AVE ALBANY , NY 12208",122,"AX","2019-04-30","License is Active","PRESTIGE PETROLEUM CORP","791 NEW SCOTLAND AVE","ALBANY","NY",12208,"1ec8b24d-b97b-4f38-ac91-14de425986b8"
"PRESTIGE PETROLEUM CORP","791 NEW SCOTLAND AVE ALBANY , NY 12208",1,"ST","2016-07-20","License is Inactive","PRESTIGE PETROLEUM CORP","791 NEW SCOTLAND AVE","ALBANY","NY",12208,"1ec8b24d-b97b-4f38-ac91-14de425986b8"
"WORLD WIDE OFFICE LLC","870 MADISON AVE ALBANY , NY 12208",122,"AX","2017-12-31","License is Active","WORLD WIDE OFFICE LLC","870 MADISON AVE","ALBANY","NY",12208,"60572b41-dd20-407a-8984-66bb61f66736"
"WORLD WIDE OFFICE LLC","870 MADISON AVE ALBANY , NY 12208",1,"ST","2015-03-04","License is Inactive","WORLD WIDE OFFICE LLC","870 MADISON AVE","ALBANY","NY",12208,"60572b41-dd20-407a-8984-66bb61f66736"
"BMT-J 281 LLC","281 NEW SCOTLAND AVE ALBANY , NY 12208",344,"TW","2018-09-30","License is Active","B M T J 281 LLC","281 NEW SCOTLAND AVE","ALBANY","NY",12208,"b6e8de3c-067d-4dee-b24b-14f43591a00a"
"MAGNOLIAS ON THE PARK LLC","462 MADISON AVENUE LARK AND NEW SCOTLAND ALBANY , NY 12208",252,"OP","2009-12-31","License is Inactive","MAGNOLIA'S ON THE PARK","462 MADISON AVE","ALBANY","NY",12208,"152561b7-810a-458e-a6af-eff640783639"
"HARI & AADI CORP","821 NEW SCOTLAND AVE ALBANY , NY 12208",122,"AX","2018-01-31","License is Active","HARI & AADI CORP","821 NEW SCOTLAND AVE","ALBANY","NY",12208,"4c9e25fd-ea05-456e-a1ef-cd40f79afc14"
"HARI & AADI CORP","821 NEW SCOTLAND AVE ALBANY , NY 12208",1,"ST","2012-01-09","Expired","HARI & AADI CORP","821 NEW SCOTLAND AVE","ALBANY","NY",12208,"4c9e25fd-ea05-456e-a1ef-cd40f79afc14"
"HARI & AADI CORP","821 NEW SCOTLAND AVE ALBANY , NY 12208",2,"ST","2012-02-08","License is Inactive","HARI & AADI CORP","821 NEW SCOTLAND AVE","ALBANY","NY",12208,"4c9e25fd-ea05-456e-a1ef-cd40f79afc14"
"MAPLE LEAF MARKET LLC","323 ONTARIO ST ALBANY , NY 12208",122,"AX","2020-05-31","License is Active","MAPLE LEAF MARKET","323 ONTARIO ST","ALBANY","NY",12208,"3b8af8af-b111-4fa2-8c53-fc792ea26596"
"CONWAYS ON YATES STREET INC","492 YATES STREET ALBANY, NY 12208",252,"OP","1998-01-31","License is Inactive","CONWAY'S ON YATES STREET","492 YATES ST","ALBANY","NY",12208,"21b7add2-f965-45f3-9a31-2744672aeeba"
"CONWAYS ON YATES STREET INC","492 YATES STREET ALBANY, NY 12208",252,"OP","2003-01-31","License is Inactive","CONWAY'S ON YATES STREET","492 YATES ST","ALBANY","NY",12208,"21b7add2-f965-45f3-9a31-2744672aeeba"
"QUINTESSENCE OF ALBANY INC","11 NEW SCOTLAND AVENUE DANA AVE & MORRIS STREET ALBANY , NY 12208",252,"OP","2013-06-30","License is Inactive","QUINTESSENCE","11 NEW SCOTLAND AVE","ALBANY","NY",12208,"5119c9a9-55a6-4f3c-b526-d2d7e0a8c5e8"
"ALBANY FAST FOOD INC","9 NEW SCOTLAND AVE ALBANY , NY 12208",122,"AX","2018-07-31","License is Active","ALBANY FAST FOOD INC","9 NEW SCOTLAND AVE","ALBANY","NY",12208,"553b4afa-81b8-4dfa-8db5-de68528c733a"
"ALBANY FAST FOOD INC","9 NEW SCOTLAND AVE ALBANY , NY 12208",1,"ST","","License is Inactive","ALBANY FAST FOOD INC","9 NEW SCOTLAND AVE","ALBANY","NY",12208,"553b4afa-81b8-4dfa-8db5-de68528c733a"
"SLRE INC","795 MADISON AVE ALBANY , NY 12208",222,"L","2019-09-30","License is Active","S L R E INC","795 MADISON AVE","ALBANY","NY",12208,"e559d6e7-f106-4748-9a82-bfd819ead31a"
"MERCHANT ENTERPRISES LLC","289 NEW SCOTLAND AVE ONTARIO & QUAIL STS ALBANY , NY 12208",252,"OP","2019-04-30","License is Active","MURSI HANAN M MD","47 NEW SCOTLAND AVE","ALBANY","NY",12208,"a43c3a3d-ea95-4f2d-b7b3-1b16179d9f8a"
"MERCHANT ENTERPRISES LLC","289 NEW SCOTLAND AVE ALBANY , NY 12208",901,"OP","2019-04-30","License is Active","MURSI HANAN M MD","47 NEW SCOTLAND AVE","ALBANY","NY",12208,"a43c3a3d-ea95-4f2d-b7b3-1b16179d9f8a"
